<?xml version="1.0" encoding="UTF-8"?>
<!DOCTYPE mapper
    PUBLIC "-//mybatis.org//DTD Mapper 3.0//EN"
    "http://mybatis.org/dtd/mybatis-3-mapper.dtd">

<mapper namespace="com.triple.dreamlib.dao.BookDao">

  <select id="booklistDao" resultType="com.triple.dreamlib.dto.BookDto">
		select rownum, book_id, book_code, book_name, book_author, book_date, book_pub, book_in_date, book_imgPath
  		from book_tbl order by book_id asc
  </select>

  <select id="maxBookIdDao" resultType="com.triple.dreamlib.dto.MaxBookIdDto">
	select to_char((decode(max(substr(book_id,3,6)),null,0,max(substr(book_id,3,6))))+1,'000000') as book_id
	  from book_tbl where book_code = #{param1}
  </select>

  <select id="bookselDao" resultType="com.triple.dreamlib.dto.BookDto">
		select rownum, book_id, book_code, book_name, book_author, book_date, book_pub, book_in_date, book_imgPath
  		from book_tbl where book_id = #{param1} order by book_id asc
  </select>

  <select id="selectedBookDao" resultType="com.triple.dreamlib.dto.BookSearchDto">
	select rownum, book_tbl.book_id, book_tbl.book_code, book_tbl.book_name, book_tbl.book_author, book_tbl.book_pub, book_tbl.book_date, 
	book_tbl.book_imgPath, decode(rent_tbl.book_status, null ,'대출가능',0,'대출가능','대출중') as book_status
	  from book_tbl LEFT OUTER JOIN rent_tbl 
      ON book_tbl.book_id = rent_tbl.book_id
	  WHERE book_tbl.book_id = #{param1}
	   	AND book_tbl.book_del = '0' 
  </select>

  <select id="book_result1Dao" resultType="com.triple.dreamlib.dto.BookSearchDto">
	select row_number() over(order by book_tbl.book_id asc) as seq, book_tbl.book_id, 
	book_tbl.book_code,	book_tbl.book_name, book_tbl.book_author, book_tbl.book_pub, book_tbl.book_date, 
	book_tbl.book_imgPath, decode(rent_tbl.book_status, null ,'대출가능',0,'대출가능','대출중') as book_status
	  from book_tbl LEFT OUTER JOIN rent_tbl 
      ON book_tbl.book_id = rent_tbl.book_id
	  WHERE LOWER(${param1}) like LOWER('%'|| #{param2} ||'%')
	  	AND book_tbl.book_del = '0' 
	  order by book_id asc
  </select>
	
  <!-- <select id="book_result2Dao" resultType="com.triple.dreamlib.dto.BookSearchDto">
	select row_number() over(order by book_tbl.book_id asc) as seq, book_tbl.book_id, book_tbl.book_name, book_tbl.book_author, book_tbl.book_pub, book_tbl.book_date, 
	book_tbl.book_imgPath, decode(rent_tbl.book_status, null ,'대출가능',0,'대출가능','대출중') as book_status
	  from book_tbl LEFT OUTER JOIN rent_tbl 
      ON book_tbl.book_id = rent_tbl.book_id
	  WHERE LOWER(${param1}) like LOWER('%'|| #{param2} ||'%') 
	  ${param3} LOWER(${param4}) like LOWER('%'|| #{param5} ||'%')
	  order by book_id asc
   </select>
  
   <select id="book_result3Dao" resultType="com.triple.dreamlib.dto.BookSearchDto">
	select row_number() over(order by book_tbl.book_id asc) as seq, book_tbl.book_id, book_tbl.book_name, book_tbl.book_author, book_tbl.book_pub, book_tbl.book_date, 
	book_tbl.book_imgPath, decode(rent_tbl.book_status, null ,'대출가능',0,'대출가능','대출중') as book_status
	  from book_tbl LEFT OUTER JOIN rent_tbl 
      ON book_tbl.book_id = rent_tbl.book_id
	  WHERE LOWER(${param1}) like LOWER('%'|| #{param2} ||'%') 
	  ${param3} LOWER(${param4}) like LOWER('%'|| #{param5} ||'%') 
	  ${param6} LOWER(${param7}) like LOWER('%'|| #{param8} ||'%')
	  order by book_id asc
   </select>	 -->
   
   <select id="book_result3Dao" resultType="com.triple.dreamlib.dto.BookSearchDto">
		select row_number() over(order by book_tbl.book_id asc) as seq, book_tbl.book_id, 
		book_tbl.book_code, book_tbl.book_name, book_tbl.book_author, book_tbl.book_pub, book_tbl.book_date, 
		book_tbl.book_imgPath, decode(rent_tbl.book_status, null ,'대출가능',0,'대출가능','대출중') as book_status
	  	from book_tbl LEFT OUTER JOIN rent_tbl 
      	ON book_tbl.book_id = rent_tbl.book_id
		<where> LOWER(${param1}) like LOWER('%'|| #{param2} ||'%') 
			<if test="param4 != null">
				 ${param3} LOWER(${param4}) like LOWER('%'|| #{param5} ||'%') 
			</if>
			<if test="param7 != null">
				 ${param6} LOWER(${param7}) like LOWER('%'|| #{param8} ||'%') 
			</if>
		AND book_tbl.book_del = '0' 
		 order by book_id asc	
		</where>
	</select>

  <insert id="book_addDao">
  INSERT  INTO BOOK_TBL VALUES (#{param1},#{param2},#{param3},#{param4},#{param5},#{param6},sysdate,#{param7},default)
  </insert>	
  
   <update id="book_modifyDao">
    UPDATE BOOK_TBL SET BOOK_CODE = #{param1}, BOOK_NAME = #{param2}, 
           BOOK_AUTHOR = #{param3},	BOOK_DATE = #{param4}, BOOK_PUB = #{param5}
     WHERE BOOK_ID = #{param6}
  </update> 
  
  <delete id="book_deleteDao">
	 UPDATE BOOK_TBL SET BOOK_DEL = '1'
     WHERE BOOK_ID = #{param1}
  </delete>  
  
</mapper>
